﻿<?xml version="1.0" encoding="utf-8" ?>
<Table>
  <!--1. AP
    1) MCS
    - DEV
      . 상암   : MCS_SA_DEV
      . 창원   : MCS_CW_DEV
    - PROD
      . 북미   : MCS_TN_PROD
      . 천진   : MCS_TA_PROD
      . IVI    : MCS_VI_PROD

    2) MES
    - DEV
      . LV      : MES_LV_DEV
    - PROD
      . 북미    : MES_TN_PROD ?
      . 천진    : MES_TA_PROD ?
      . IVI     : MES_VI_PROD ?
    -->


  <!-- 설치시 수정 영역 START -->

  <!--AP_INFO : MCS/MES별 사용 SERVER를 지정함-->
  <Row>
    <INFO_TYPE>AP_INFO</INFO_TYPE>
    <MCS_SERVER_NAME>MCS_RF_PROD</MCS_SERVER_NAME>
    <MES_SERVER_NAME>MES_LV_DEV</MES_SERVER_NAME>
    <ORG_NAME>CNX</ORG_NAME>
  </Row>

  <!--ON-OFF라인 매뉴를 보여줄지 지정함-->
  <Row>
    <INFO_TYPE>MENU_VISIBLE</INFO_TYPE>
    <OFFLINE>YES</OFFLINE>
    <ONLINE>OFF</ONLINE>
  </Row>

  <!-- 설치시 수정 영역 END -->

  <!--SERVER_INFO : MCS DEV SERVER 정보-->
  <Row>
    <INFO_TYPE>SERVER_INFO</INFO_TYPE>
    <SERVER_NAME>MCS_SA_DEV</SERVER_NAME>
    <IP_DEFAULT>10.185.150.239</IP_DEFAULT>
    <IP_RANGE></IP_RANGE>
    <IP_RANGE_VALUE>10.185.150.239</IP_RANGE_VALUE>
    <PORT>7865</PORT>
    <PROTOCOL>TCP</PROTOCOL>
    <ENV>SERVICE</ENV>
    <SYSTEM>0</SYSTEM>
  </Row>
  <!--SERVER_INFO : MCS DEV SERVER 정보 END-->

  <!--SERVER_INFO : MCS PROD SERVER 정보-->
  <Row>
    <INFO_TYPE>SERVER_INFO</INFO_TYPE>
    <SERVER_NAME>MCS_NU_PROD</SERVER_NAME>
    <IP_DEFAULT>10.225.28.34</IP_DEFAULT>
    <IP_RANGE></IP_RANGE>
    <IP_RANGE_VALUE>10.225.28.34</IP_RANGE_VALUE>
    <PORT>7865</PORT>
    <PROTOCOL>TCP</PROTOCOL>
    <ENV>SERVICE</ENV>
    <SYSTEM>0</SYSTEM>
  </Row>
  <Row>
    <INFO_TYPE>SERVER_INFO</INFO_TYPE>
    <SERVER_NAME>MCS_TN_PROD</SERVER_NAME>
    <IP_DEFAULT>10.225.28.34</IP_DEFAULT>
    <IP_RANGE></IP_RANGE>
    <IP_RANGE_VALUE>10.225.28.34</IP_RANGE_VALUE>
    <PORT>7868</PORT>
    <PROTOCOL>TCP</PROTOCOL>
    <ENV>SERVICE</ENV>
    <SYSTEM>3</SYSTEM>
  </Row>
  <Row>
    <INFO_TYPE>SERVER_INFO</INFO_TYPE>
    <SERVER_NAME>MCS_TA_PROD</SERVER_NAME>
    <IP_DEFAULT>156.147.197.123</IP_DEFAULT>
    <IP_RANGE></IP_RANGE>
    <IP_RANGE_VALUE>156.147.197.123</IP_RANGE_VALUE>
    <PORT>7865</PORT>
    <PROTOCOL>TCP</PROTOCOL>
    <ENV>SERVICE</ENV>
    <SYSTEM>0</SYSTEM>
  </Row>
  <Row>
    <INFO_TYPE>SERVER_INFO</INFO_TYPE>
    <SERVER_NAME>MCS_RF_PROD</SERVER_NAME>
    <IP_DEFAULT>165.186.51.91</IP_DEFAULT>
    <IP_RANGE></IP_RANGE>
    <IP_RANGE_VALUE>165.186.51.91</IP_RANGE_VALUE>
    <PORT>7865</PORT>
    <PROTOCOL>TCP</PROTOCOL>
    <ENV>SERVICE</ENV>
    <SYSTEM>0</SYSTEM>
  </Row>
  <!--SERVER_INFO : MCS PROD SERVER 정보 END-->

  <!--MES DEV SERVER 정보-->
  <Row>
    <INFO_TYPE>SERVER_INFO</INFO_TYPE>
    <SERVER_NAME>MES_LV_DEV</SERVER_NAME>
    <IP_DEFAULT>10.185.128.47</IP_DEFAULT>
    <IP_RANGE></IP_RANGE>
    <IP_RANGE_VALUE>10.185.128.47</IP_RANGE_VALUE>
    <PORT>7866</PORT>
    <PROTOCOL>TCP</PROTOCOL>
    <ENV>SERVICE</ENV>
    <SYSTEM>1</SYSTEM>
  </Row>
  <!--MES DEV SERVER 정보 END-->  
  
  <!--MES PROD SERVER 정보-->
  <!--MES PROD SERVER 정보 END-->

  <!--ORG 정보-->
  <Row>
    <INFO_TYPE>ORG_INFO</INFO_TYPE>
    <ORG_ID>302550</ORG_ID>
    <ORG_NAME>NU8</ORG_NAME>
  </Row>
  <Row>
    <INFO_TYPE>ORG_INFO</INFO_TYPE>
    <ORG_ID>216961</ORG_ID>
    <ORG_NAME>CNX</ORG_NAME>
  </Row>
  <Row>
    <INFO_TYPE>ORG_INFO</INFO_TYPE>
    <ORG_ID>216962</ORG_ID>
    <ORG_NAME>CNT</ORG_NAME>
  </Row>
  
  <!--ORG 정보 END-->

  <!--CLIENT IP를 지정함. 해당 IP에만 메시지를 전송함-->
  <Row>
    <INFO_TYPE>CLIENT_LIST</INFO_TYPE>
    <CLIENT_IP1>10.225.28.84</CLIENT_IP1>
    <CLIENT_IP2>10.225.15.241</CLIENT_IP2>
    <CLIENT_IP3></CLIENT_IP3>
    <CLIENT_IP4></CLIENT_IP4>
    <CLIENT_IP5></CLIENT_IP5>
  </Row>
  <!--CLIENT IP를 지정함. 해당 IP에만 메시지를 전송함 END-->
  

</Table>